participant,turn,prompt
p1,1,"Create a retro-style webpage layout starting with box-1 and box-2 stacked vertically at the top. Below them, place box-3 on the left and box-4 on the right side by side. Underneath that row, place three boxes side by side: box-5, box-6, and box-7. Below this, place box-8 as a single full-width block. Finally, include a dashed container labeled container-1 that contains a vertical stack of box-9, box-10, box-11, box-12, and box-13"
p1,2,"Modify the layout so that box-1 and box-2 are stacked vertically at the very top. Below them, place box-3 on the left and box-4 on the right side by side. Underneath that row, place three boxes side by side: box-5, box-6, and box-7. Below this, place box-8 as a single full-width block. Finally, include a dashed container labeled container-1 that encloses a vertical stack of box-9, box-10, box-11, box-12, and box-13."
p1,3,"Place box-1 at the very top as a full-width block, and place box-2 directly below it as another full-width block. Below box-2, place box-3 on the left and box-4 on the right side by side. Underneath that row, place three boxes side by side: box-5, box-6, and box-7. Below this, place box-8 as a single full-width block. Finally, include a dashed container labeled container-1 enclosing a vertical stack of box-9, box-10, box-11, box-12, and box-13."
p1,4,"Add box-1 at the very top as a centered header block, and place box-2 horizontally centered right below it. Below box-2, place box-3 on the left and box-4 on the right side by side. Underneath that row, place three boxes side by side: box-5, box-6, and box-7. Below this, place box-8 as a single full-width block. Finally, include a dashed container labeled container-1 enclosing a vertical stack of box-9, box-10, box-11, box-12, and box-13."
p1,5,"Add box-1 as the topmost element, and place box-2 directly below it. Below box-2, place box-3 on the left and box-4 on the right side by side. Underneath that row, place three boxes side by side: box-5, box-6, and box-7. Below this, place box-8 as a single full-width block. Finally, include a dashed container labeled container-1 enclosing a vertical stack of box-9, box-10, box-11, box-12, and box-13"
p1,6,"Create a layout where box-1 is a full-width header block at the very top, and box-2 is a full-width block directly underneath it. Below box-2, place box-3 on the left and box-4 on the right side by side. Underneath that row, place three boxes side by side: box-5, box-6, and box-7. Below this, place box-8 as a single full-width block. Finally, include a dashed container labeled container-1 enclosing a vertical stack of box-9, box-10, box-11, box-12, and box-13"
p2,1,"Start with a solid line rectangle at the top of the page. 1/5 scale meaning 1 unit tall and 5 units wide. Label it ""box-1"". Below it do the same thing except label it ""box-2"" and make it a 1/4 scale. Both of these are centered in the page. Next line consists of two rectangles. ""box-3"" is a 1/2 scale and is beside ""box-4"" which is a 1/4 scale. These two are side by side and are centered to the page as one. Next line is three identical boxes that are side by side and are each a 1/2 scale. they are labelled in order ""box-5"" ""box -6"" and ""box'7. They are all centered as one. Next line is a 1/4 scale box labelled ""box-8"". Then there is a broken lined rectangle that is taller than it is wide and it takes up the bottom half of the page. inside it are 5 solid lined rectangle boxes. the first is ""box-9"" (1/4 scale), ""box 10"" (slightly smaller), ""box 11"" (slightly bigger than 10, tiny smaller than 9), Box-12 (smaller than 11 but bigger than 10) and ""box-13"" (the smallest one)"
p2,2,"Lets make the broken line rectangle a little bit shorter and a little bit more wide. Then double the width of each box within it. Now add ""container - 1"" to the upper right hand corner of the broken line rectangle"
p2,3,"Now use a darker, font that has a small amount of ""boldness"" to it. slightly round the edges of each box, except for the broken lined one"
p2,4,box -8 and box-9 should be wider than that
p2,5,box -4 should be triple that width
