generation_id,conversation_id,reference_id,reference_name,turn,prolific_pid,session,session_created_at,n_ref,n_gen,k,f1_recall,f2_precision,f3_area_recall,f4_pos_euclid,f5_pos_chebyshev,f6_rel_width,f7_rel_height,f8_aspect,f9_order_consistency,f10_quadrant_agreement,f11_alignment_delta,f12_overlap_delta,f13_group_count,f14_section_uniformity,f15_clip_masked
f867738a-04bc-4da6-83cf-4477f10dc643,fe18ffa2-0d0c-444e-b8dd-618b2fdcb60f,c61427b9-dc32-418f-bb16-4d4ea009349d,"midcentury",1,698b18eb5bcbe1d6ada20a42,1,2026-08-28T18:41:12.662788+00:00,17,6,0,0,0,0,0,0,0,0,0,1,0,0,0.0025,0.3125,1,
e08a8748-a71c-4554-9f32-1b8a0471bfef,fe18ffa2-0d0c-444e-b8dd-618b2fdcb60f,c61427b9-dc32-418f-bb16-4d4ea009349d,"midcentury",2,698b18eb5bcbe1d6ada20a42,1,2026-08-28T18:41:12.662788+00:00,17,7,0,0,0,0,0,0,0,0,0,1,0,0.0028,0.0025,0.4375,1,
b4bb7b84-9a57-458f-aca8-e81adcfa9d50,478cfa75-9ec2-4848-b698-fcec360bf088,3d208f14-067a-419e-ab6a-5d0badf2ba12,"steel",1,698b18eb5bcbe1d6ada20a42,2,2026-08-28T18:46:08.323763+00:00,18,0,0,0,0,0,0,0,0,0,0,1,0,0.0002,0.0152,0,1,
2fe71be1-ce23-43d3-a42c-3eda91679c9c,478cfa75-9ec2-4848-b698-fcec360bf088,3d208f14-067a-419e-ab6a-5d0badf2ba12,"steel",2,698b18eb5bcbe1d6ada20a42,2,2026-08-28T18:46:08.323763+00:00,18,0,0,0,0,0,0,0,0,0,0,1,0,0.0002,0.0152,0,1,
29cd1731-d702-4820-a071-65227a9f3ee8,478cfa75-9ec2-4848-b698-fcec360bf088,3d208f14-067a-419e-ab6a-5d0badf2ba12,"steel",3,698b18eb5bcbe1d6ada20a42,2,2026-08-28T18:46:08.323763+00:00,18,0,0,0,0,0,0,0,0,0,0,1,0,0.0002,0.0152,0,1,
fe6eabd7-60f4-4bc4-8439-85d202bc8d63,0f360a73-8457-41ab-9ec8-243dd9799ede,c61427b9-dc32-418f-bb16-4d4ea009349d,"midcentury",1,697b8e82a6ab29a3fcb12122,1,2026-08-28T20:01:15.615616+00:00,17,5,5,0.2941,1,0.223,0.7412,0.744,0.9268,0.767,0.8321,0.7,0.4,0,0.0207,0.3125,0.5485,
de392f10-881e-40cc-bc69-01f7d048ed59,0f360a73-8457-41ab-9ec8-243dd9799ede,c61427b9-dc32-418f-bb16-4d4ea009349d,"midcentury",2,697b8e82a6ab29a3fcb12122,1,2026-08-28T20:01:15.615616+00:00,17,0,0,0,0,0,0,0,0,0,0,1,0,0,0.0025,0,1,
a85ae0f1-bdc1-4958-8162-24fd4feecc72,0f360a73-8457-41ab-9ec8-243dd9799ede,c61427b9-dc32-418f-bb16-4d4ea009349d,"midcentury",3,697b8e82a6ab29a3fcb12122,1,2026-08-28T20:01:15.615616+00:00,17,0,0,0,0,0,0,0,0,0,0,1,0,0,0.0025,0,1,
38dda501-c304-49a8-a37e-149232a4d81d,0f360a73-8457-41ab-9ec8-243dd9799ede,c61427b9-dc32-418f-bb16-4d4ea009349d,"midcentury",4,697b8e82a6ab29a3fcb12122,1,2026-08-28T20:01:15.615616+00:00,17,1,1,0.0588,1,0.1342,0.9806,0.9806,0.963,0.8195,0.7892,1,1,0,0.0025,0.125,0.9571,
3019785e-9909-4390-b79d-2199fd05ab8d,0f360a73-8457-41ab-9ec8-243dd9799ede,c61427b9-dc32-418f-bb16-4d4ea009349d,"midcentury",5,697b8e82a6ab29a3fcb12122,1,2026-08-28T20:01:15.615616+00:00,17,0,0,0,0,0,0,0,0,0,0,1,0,0,0.0025,0,1,
313c502a-9622-4cb7-a7f7-9604fa6b9edf,0f360a73-8457-41ab-9ec8-243dd9799ede,c61427b9-dc32-418f-bb16-4d4ea009349d,"midcentury",6,697b8e82a6ab29a3fcb12122,1,2026-08-28T20:01:15.615616+00:00,17,0,0,0,0,0,0,0,0,0,0,1,0,0,0.0025,0,1,
2b07e6dc-ec4c-4873-9f69-e2185e54b561,2ec832d6-8941-40ab-ae0d-0872f537c694,3d208f14-067a-419e-ab6a-5d0badf2ba12,"steel",1,697b8e82a6ab29a3fcb12122,2,2026-08-28T20:20:05.366248+00:00,18,0,0,0,0,0,0,0,0,0,0,1,0,0.0002,0.0152,0,1,
233fffdd-b102-4378-bdd5-e7e21acdc7cc,2ec832d6-8941-40ab-ae0d-0872f537c694,3d208f14-067a-419e-ab6a-5d0badf2ba12,"steel",2,697b8e82a6ab29a3fcb12122,2,2026-08-28T20:20:05.366248+00:00,18,0,0,0,0,0,0,0,0,0,0,1,0,0.0002,0.0152,0,1,
de9e15c9-8e9c-4f42-84d0-77243ca8fd9d,2ec832d6-8941-40ab-ae0d-0872f537c694,3d208f14-067a-419e-ab6a-5d0badf2ba12,"steel",3,697b8e82a6ab29a3fcb12122,2,2026-08-28T20:20:05.366248+00:00,18,1,0,0,0,0,0,0,0,0,0,1,0,0.0002,0.0152,0.2,1,
79e0914e-cbee-4a8d-8ecb-ea86cb3f327f,2ec832d6-8941-40ab-ae0d-0872f537c694,3d208f14-067a-419e-ab6a-5d0badf2ba12,"steel",4,697b8e82a6ab29a3fcb12122,2,2026-08-28T20:20:05.366248+00:00,18,1,0,0,0,0,0,0,0,0,0,1,0,0.0002,0.0152,0.2,1,
25c70c2b-2120-4487-8cd0-d33127ab20b2,73147b0a-789a-42e7-a036-a81b12788448,c61427b9-dc32-418f-bb16-4d4ea009349d,"midcentury",1,6984c0ecce9fb12429040230,1,2026-08-28T20:25:00.785671+00:00,17,2,2,0.1176,1,0.3172,0.9774,0.9774,0.9833,0.7992,0.7859,1,1,0,0.0025,0.1875,0.9143,
56ce09e9-0e11-4460-beae-f9b726725033,73147b0a-789a-42e7-a036-a81b12788448,c61427b9-dc32-418f-bb16-4d4ea009349d,"midcentury",2,6984c0ecce9fb12429040230,1,2026-08-28T20:25:00.785671+00:00,17,6,6,0.3529,1,0.3572,0.5566,0.5607,0.9515,0.6737,0.6638,0.5,0.3333,0,0.0056,0.5,0.5651,
86de0942-d350-45c5-9ec1-af0d79775ef5,73147b0a-789a-42e7-a036-a81b12788448,c61427b9-dc32-418f-bb16-4d4ea009349d,"midcentury",3,6984c0ecce9fb12429040230,1,2026-08-28T20:25:00.785671+00:00,17,6,6,0.3529,1,0.3572,0.9608,0.9647,0.9515,0.6737,0.6638,1,1,0,0.0056,0.4375,0.5651,
f04474de-c7d6-4994-987e-30f6fe587739,73147b0a-789a-42e7-a036-a81b12788448,c61427b9-dc32-418f-bb16-4d4ea009349d,"midcentury",4,6984c0ecce9fb12429040230,1,2026-08-28T20:25:00.785671+00:00,17,8,8,0.4706,1,0.3738,0.963,0.9672,0.9553,0.658,0.6559,0.9643,1,0,0.0038,0.5625,0.6143,
c2c3ea0c-3ceb-4605-a1aa-312a4a0b9662,73147b0a-789a-42e7-a036-a81b12788448,c61427b9-dc32-418f-bb16-4d4ea009349d,"midcentury",5,6984c0ecce9fb12429040230,1,2026-08-28T20:25:00.785671+00:00,17,8,8,0.4706,1,0.3738,0.9602,0.9652,0.9553,0.658,0.6559,0.9643,0.875,0,0.0038,0.5625,0.6143,
5ece2cbc-e8ef-4b09-bf18-2c80cc2f6f8c,73147b0a-789a-42e7-a036-a81b12788448,c61427b9-dc32-418f-bb16-4d4ea009349d,"midcentury",6,6984c0ecce9fb12429040230,1,2026-08-28T20:25:00.785671+00:00,17,8,8,0.4706,1,0.3738,0.9677,0.9685,0.9553,0.658,0.6559,0.9643,0.875,0,0.0038,0.5625,0.6143,
2d480750-6ece-40c2-9cf8-f4f37b2f5cd7,73147b0a-789a-42e7-a036-a81b12788448,c61427b9-dc32-418f-bb16-4d4ea009349d,"midcentury",7,6984c0ecce9fb12429040230,1,2026-08-28T20:25:00.785671+00:00,17,8,8,0.4706,1,0.3738,0.9668,0.9685,0.9553,0.658,0.6559,0.9643,1,0,0.0038,0.5625,0.6143,
8dc4408b-ecbf-4796-b301-226e4dcd762d,73147b0a-789a-42e7-a036-a81b12788448,c61427b9-dc32-418f-bb16-4d4ea009349d,"midcentury",8,6984c0ecce9fb12429040230,1,2026-08-28T20:25:00.785671+00:00,17,11,11,0.6471,1,0.6714,0.9741,0.9754,0.9585,0.7055,0.7116,0.9818,1,0,0.0007,0.5625,0.7429,
39e37f35-ddfe-4255-b574-af53a0249e51,73147b0a-789a-42e7-a036-a81b12788448,c61427b9-dc32-418f-bb16-4d4ea009349d,"midcentury",9,6984c0ecce9fb12429040230,1,2026-08-28T20:25:00.785671+00:00,17,13,13,0.7647,1,0.7105,0.974,0.9753,0.9469,0.6942,0.7108,0.9872,1,0,0.0002,0.625,0.8286,
dc62f682-e415-4ab5-a961-2f8d499bbc16,73147b0a-789a-42e7-a036-a81b12788448,c61427b9-dc32-418f-bb16-4d4ea009349d,"midcentury",10,6984c0ecce9fb12429040230,1,2026-08-28T20:25:00.785671+00:00,17,13,13,0.7647,1,0.7105,0.976,0.9776,0.9469,0.6942,0.7108,0.9872,1,0,0.0002,0.625,0.8286,
8c803826-0023-4bf4-98ba-3315a05ecf93,349d1c8c-f2d8-4b20-8c0b-92edb2c85e46,3d208f14-067a-419e-ab6a-5d0badf2ba12,"steel",1,6984c0ecce9fb12429040230,2,2026-08-28T20:39:10.229708+00:00,18,0,0,0,0,0,0,0,0,0,0,1,0,0.0002,0.0152,0,1,
20696ecb-4c07-41cc-9fc9-c27128efc709,349d1c8c-f2d8-4b20-8c0b-92edb2c85e46,3d208f14-067a-419e-ab6a-5d0badf2ba12,"steel",2,6984c0ecce9fb12429040230,2,2026-08-28T20:39:10.229708+00:00,18,1,1,0.0556,1,0.0341,0.9577,0.9584,0.8654,0.8708,0.9937,1,1,0.0002,0.0152,0.2,0.9379,
0f3eb773-1766-4b23-a9ff-f63d891e73dd,349d1c8c-f2d8-4b20-8c0b-92edb2c85e46,3d208f14-067a-419e-ab6a-5d0badf2ba12,"steel",3,6984c0ecce9fb12429040230,2,2026-08-28T20:39:10.229708+00:00,18,4,4,0.2222,1,0.0858,0.8979,0.8981,0.5315,0.859,0.5559,0.9167,0.75,0.0002,0.0152,0.6,0.9379,
5c904b30-81a7-41f3-92da-0f13a8bce2b6,349d1c8c-f2d8-4b20-8c0b-92edb2c85e46,3d208f14-067a-419e-ab6a-5d0badf2ba12,"steel",4,6984c0ecce9fb12429040230,2,2026-08-28T20:39:10.229708+00:00,18,4,4,0.2222,1,0.0858,0.9648,0.9649,0.9402,0.859,0.9072,1,1,0.0002,0.0152,0.6,0.9379,
70f67a47-74b5-4fc8-9d25-01a74b8447f1,349d1c8c-f2d8-4b20-8c0b-92edb2c85e46,3d208f14-067a-419e-ab6a-5d0badf2ba12,"steel",5,6984c0ecce9fb12429040230,2,2026-08-28T20:39:10.229708+00:00,18,4,4,0.2222,1,0.0858,0.9698,0.9699,0.9402,0.859,0.9072,1,1,0.0002,0.0152,0.6,0.9379,
ab213e36-2eae-4b4c-9977-6dd074404aa4,349d1c8c-f2d8-4b20-8c0b-92edb2c85e46,3d208f14-067a-419e-ab6a-5d0badf2ba12,"steel",6,6984c0ecce9fb12429040230,2,2026-08-28T20:39:10.229708+00:00,18,5,5,0.2778,1,0.1022,0.9699,0.9708,0.9444,0.8521,0.8931,1,1,0.0002,0.0152,0.7,0.9379,
b7a464c0-ad8a-4682-bdae-b05c0b2063bc,349d1c8c-f2d8-4b20-8c0b-92edb2c85e46,3d208f14-067a-419e-ab6a-5d0badf2ba12,"steel",7,6984c0ecce9fb12429040230,2,2026-08-28T20:39:10.229708+00:00,18,6,6,0.3333,1,0.1149,0.9701,0.9713,0.9322,0.8445,0.8572,0.9667,1,0.0002,0.0152,0.8,0.9379,
3dde4fdf-5587-47e3-8d3e-02f976722b4d,349d1c8c-f2d8-4b20-8c0b-92edb2c85e46,3d208f14-067a-419e-ab6a-5d0badf2ba12,"steel",8,6984c0ecce9fb12429040230,2,2026-08-28T20:39:10.229708+00:00,18,6,6,0.3333,1,0.1149,0.9697,0.9713,0.9426,0.8445,0.8659,1,1,0.0002,0.0152,0.8,0.9379,
6e696a66-c6b2-48bd-bf8c-e0693910eb91,349d1c8c-f2d8-4b20-8c0b-92edb2c85e46,3d208f14-067a-419e-ab6a-5d0badf2ba12,"steel",9,6984c0ecce9fb12429040230,2,2026-08-28T20:39:10.229708+00:00,18,7,7,0.3889,1,0.1765,0.9568,0.9613,0.945,0.911,0.9306,0.9524,0.8571,0.0002,0.0152,0.8,0.9379,
f909b34a-9303-4ab2-83f5-a1a61e3e56b2,349d1c8c-f2d8-4b20-8c0b-92edb2c85e46,3d208f14-067a-419e-ab6a-5d0badf2ba12,"steel",10,6984c0ecce9fb12429040230,2,2026-08-28T20:39:10.229708+00:00,18,7,7,0.3889,1,0.1765,0.958,0.9627,0.945,0.911,0.9306,0.9762,0.8571,0.0002,0.0152,0.8,0.9379,
70c43526-6cf4-454e-b6f2-477b0cd76a63,349d1c8c-f2d8-4b20-8c0b-92edb2c85e46,3d208f14-067a-419e-ab6a-5d0badf2ba12,"steel",11,6984c0ecce9fb12429040230,2,2026-08-28T20:39:10.229708+00:00,18,10,10,0.5556,1,0.2129,0.9722,0.9749,0.9326,0.8283,0.8154,0.9778,1,0.0002,0.0152,0.7571,0.9379,
33c18386-6d89-420e-9a56-a68b28b66597,349d1c8c-f2d8-4b20-8c0b-92edb2c85e46,3d208f14-067a-419e-ab6a-5d0badf2ba12,"steel",12,6984c0ecce9fb12429040230,2,2026-08-28T20:39:10.229708+00:00,18,11,11,0.6111,1,0.2259,0.9706,0.973,0.9289,0.827,0.8075,0.9636,1,0.0002,0.0152,0.7125,0.9379,
49708030-bc69-4814-8e34-29577a8fa8b4,349d1c8c-f2d8-4b20-8c0b-92edb2c85e46,3d208f14-067a-419e-ab6a-5d0badf2ba12,"steel",13,6984c0ecce9fb12429040230,2,2026-08-28T20:39:10.229708+00:00,18,10,10,0.5556,1,0.2129,0.9722,0.9749,0.9326,0.8283,0.8154,0.9778,1,0.0002,0.0152,0.7571,0.9379,
cb563e08-4959-4f19-beb6-33cb02b5d999,349d1c8c-f2d8-4b20-8c0b-92edb2c85e46,3d208f14-067a-419e-ab6a-5d0badf2ba12,"steel",14,6984c0ecce9fb12429040230,2,2026-08-28T20:39:10.229708+00:00,18,11,11,0.6111,1,0.3294,0.9738,0.9763,0.9208,0.8329,0.8054,0.9818,1,0.0002,0.0152,0.8125,0.9379,
592a829e-7d9f-48e9-a2f0-427a2945d94f,349d1c8c-f2d8-4b20-8c0b-92edb2c85e46,3d208f14-067a-419e-ab6a-5d0badf2ba12,"steel",15,6984c0ecce9fb12429040230,2,2026-08-28T20:39:10.229708+00:00,18,11,11,0.6111,1,0.3294,0.9738,0.9763,0.9354,0.8329,0.8182,0.9818,1,0.0002,0.0152,0.8125,0.9379,
93209cf6-6531-4dad-ab97-3ff68a636f8a,349d1c8c-f2d8-4b20-8c0b-92edb2c85e46,3d208f14-067a-419e-ab6a-5d0badf2ba12,"steel",16,6984c0ecce9fb12429040230,2,2026-08-28T20:39:10.229708+00:00,18,11,11,0.6111,1,0.3294,0.9738,0.9763,0.9354,0.8329,0.8182,0.9818,1,0.0002,0.0152,0.8125,0.9379,
3d723496-770f-4067-9752-02d58d5783d3,349d1c8c-f2d8-4b20-8c0b-92edb2c85e46,3d208f14-067a-419e-ab6a-5d0badf2ba12,"steel",17,6984c0ecce9fb12429040230,2,2026-08-28T20:39:10.229708+00:00,18,11,11,0.6111,1,0.3294,0.9741,0.9764,0.9354,0.8354,0.8216,0.9818,1,0.0002,0.0152,0.8125,0.9379,
5648bf83-ca7e-4ac8-8cf1-acf3d1d0646d,9b70bcc9-8a89-4340-b6cd-375b46b9e921,c61427b9-dc32-418f-bb16-4d4ea009349d,"midcentury",1,6a04b75d17269d145dc55448,1,2026-08-29T04:32:38.902633+00:00,17,17,17,1,1,1,0.7571,0.7719,0.7006,0.6567,0.4983,0.8676,0.3529,0,0.0019,0.9375,1,
94c03381-e132-4c89-8a78-81710cdfdbb4,9b70bcc9-8a89-4340-b6cd-375b46b9e921,c61427b9-dc32-418f-bb16-4d4ea009349d,"midcentury",2,6a04b75d17269d145dc55448,1,2026-08-29T04:32:38.902633+00:00,17,17,17,1,1,1,0.7741,0.7894,0.6717,0.6567,0.4631,0.8971,0.4706,0,0.0013,0.8819,1,
874b99c0-bd38-4cbc-9561-50785f4c58a0,9b70bcc9-8a89-4340-b6cd-375b46b9e921,c61427b9-dc32-418f-bb16-4d4ea009349d,"midcentury",3,6a04b75d17269d145dc55448,1,2026-08-29T04:32:38.902633+00:00,17,17,17,1,1,1,0.7803,0.7956,0.6717,0.6496,0.4602,0.8934,0.4706,0,0.0013,0.8819,1,
0c1060a8-632d-451d-8b9a-560ffffbc7ad,197cbc77-f961-4a07-b9bb-18f169246340,3d208f14-067a-419e-ab6a-5d0badf2ba12,"steel",1,6a04b75d17269d145dc55448,2,2026-08-29T04:41:31.574518+00:00,18,10,10,0.5556,1,0.2434,0.7398,0.7412,0.57,0.8646,0.5455,0.6111,0.5,0.0002,0.0152,0.7167,1,
f674ccfc-03fc-4f52-9f03-ae74c8ad99e0,197cbc77-f961-4a07-b9bb-18f169246340,3d208f14-067a-419e-ab6a-5d0badf2ba12,"steel",2,6a04b75d17269d145dc55448,2,2026-08-29T04:41:31.574518+00:00,18,11,11,0.6111,1,0.2774,0.7842,0.8207,0.5662,0.6942,0.5252,0.7182,0.3636,0.0002,0.0152,0.7571,0.9379,
8dc18f0e-fe78-40c0-8658-ed5640ba86c8,197cbc77-f961-4a07-b9bb-18f169246340,3d208f14-067a-419e-ab6a-5d0badf2ba12,"steel",3,6a04b75d17269d145dc55448,2,2026-08-29T04:41:31.574518+00:00,18,11,11,0.6111,1,0.2774,0.7673,0.7911,0.5674,0.6942,0.5284,0.7364,0.6364,0.0002,0.0152,0.6571,0.9379,
07034415-6cb1-42b5-9949-9c1f3ebabc9f,197cbc77-f961-4a07-b9bb-18f169246340,3d208f14-067a-419e-ab6a-5d0badf2ba12,"steel",4,6a04b75d17269d145dc55448,2,2026-08-29T04:41:31.574518+00:00,18,11,11,0.6111,1,0.2774,0.775,0.7803,0.5831,0.7365,0.4823,0.7364,0.7273,0.0002,0.0152,0.6571,0.9379,
e97ce32d-b467-4c83-bd31-a10f28754fc7,197cbc77-f961-4a07-b9bb-18f169246340,3d208f14-067a-419e-ab6a-5d0badf2ba12,"steel",5,6a04b75d17269d145dc55448,2,2026-08-29T04:41:31.574518+00:00,18,11,11,0.6111,1,0.2774,0.775,0.7803,0.5831,0.7365,0.4823,0.7364,0.7273,0.0002,0.0152,0.6571,0.9379,
c279a372-9f6a-4a6d-8b3b-ef3af9467b22,c8f99ba8-2f68-4387-bfff-ab83ae815308,c61427b9-dc32-418f-bb16-4d4ea009349d,"midcentury",1,67d95269b47464c18da766ca,1,2026-08-29T04:59:16.796694+00:00,17,0,0,0,0,0,0,0,0,0,0,1,0,0,0.0025,0,1,
a6f9f386-e4a3-4ad4-933e-88ffab0eb681,c8f99ba8-2f68-4387-bfff-ab83ae815308,c61427b9-dc32-418f-bb16-4d4ea009349d,"midcentury",2,67d95269b47464c18da766ca,1,2026-08-29T04:59:16.796694+00:00,17,0,0,0,0,0,0,0,0,0,0,1,0,0,0.0025,0,1,
3b6d1628-5662-4f43-8c96-b577cfd0a25f,c8f99ba8-2f68-4387-bfff-ab83ae815308,c61427b9-dc32-418f-bb16-4d4ea009349d,"midcentury",3,67d95269b47464c18da766ca,1,2026-08-29T04:59:16.796694+00:00,17,0,0,0,0,0,0,0,0,0,0,1,0,0,0.0025,0,1,
25e19e0c-c393-43d5-84f6-bfb6d508eb9e,c8f99ba8-2f68-4387-bfff-ab83ae815308,c61427b9-dc32-418f-bb16-4d4ea009349d,"midcentury",4,67d95269b47464c18da766ca,1,2026-08-29T04:59:16.796694+00:00,17,0,0,0,0,0,0,0,0,0,0,1,0,0,0.0025,0,1,
3bfa3019-2fef-44eb-80e9-23505f81e17b,c8f99ba8-2f68-4387-bfff-ab83ae815308,c61427b9-dc32-418f-bb16-4d4ea009349d,"midcentury",5,67d95269b47464c18da766ca,1,2026-08-29T04:59:16.796694+00:00,17,0,0,0,0,0,0,0,0,0,0,1,0,0,0.0025,0,1,
2b0c0965-9b8a-40d5-b129-986509d9e271,c8f99ba8-2f68-4387-bfff-ab83ae815308,c61427b9-dc32-418f-bb16-4d4ea009349d,"midcentury",6,67d95269b47464c18da766ca,1,2026-08-29T04:59:16.796694+00:00,17,0,0,0,0,0,0,0,0,0,0,1,0,0,0.0025,0,1,
95ffcbaf-2dee-48c1-a72b-a7dc9bef9d17,c8f99ba8-2f68-4387-bfff-ab83ae815308,c61427b9-dc32-418f-bb16-4d4ea009349d,"midcentury",7,67d95269b47464c18da766ca,1,2026-08-29T04:59:16.796694+00:00,17,0,0,0,0,0,0,0,0,0,0,1,0,0,0.0025,0,1,
e02b0ebf-ee62-4a95-8cde-c2dd0a08493f,bc3735b4-9ebf-43a3-967a-bde1d6f0be88,3d208f14-067a-419e-ab6a-5d0badf2ba12,"steel",1,67d95269b47464c18da766ca,2,2026-08-29T05:15:02.967563+00:00,18,1,0,0,0,0,0,0,0,0,0,1,0,0.0002,0.0152,0.2,1,
974dac8b-61ff-499f-88bb-5c9aea4827c8,bc3735b4-9ebf-43a3-967a-bde1d6f0be88,3d208f14-067a-419e-ab6a-5d0badf2ba12,"steel",2,67d95269b47464c18da766ca,2,2026-08-29T05:15:02.967563+00:00,18,1,0,0,0,0,0,0,0,0,0,1,0,0.0002,0.0152,0.2,1,
9f7b6895-f575-409b-bd94-e38eb262a584,bc3735b4-9ebf-43a3-967a-bde1d6f0be88,3d208f14-067a-419e-ab6a-5d0badf2ba12,"steel",3,67d95269b47464c18da766ca,2,2026-08-29T05:15:02.967563+00:00,18,4,0,0,0,0,0,0,0,0,0,1,0,0.0371,0.0152,0.7,1,
09edc701-bb12-4cf0-bcc5-a09a04c09a44,bc3735b4-9ebf-43a3-967a-bde1d6f0be88,3d208f14-067a-419e-ab6a-5d0badf2ba12,"steel",4,67d95269b47464c18da766ca,2,2026-08-29T05:15:02.967563+00:00,18,4,0,0,0,0,0,0,0,0,0,1,0,0.0206,0.0152,0.7,1,
9ffd0d15-71bf-43ca-ade1-26e93f90070d,56779a53-9e47-4f75-a7a3-19c25617191f,58f6757d-6c99-4e7e-ba80-f16c93699661,"stickynotes",1,69b2ef58c1e66df4f0529986,1,2026-08-29T06:41:35.307743+00:00,18,15,15,0.8333,1,0.4002,0.8769,0.8815,0.4484,0.5883,0.3559,0.9048,0.7333,0.0011,0.0108,0.7857,0.7526,
21208067-fff1-4b02-a1ee-2687a274c800,56779a53-9e47-4f75-a7a3-19c25617191f,58f6757d-6c99-4e7e-ba80-f16c93699661,"stickynotes",2,69b2ef58c1e66df4f0529986,1,2026-08-29T06:41:35.307743+00:00,18,15,15,0.8333,1,0.4002,0.8914,0.897,0.7519,0.7579,0.8021,0.9476,0.8,0.0011,0.0108,0.8452,0.7526,
6b0dfd6e-3b00-4192-a5a1-39216d88c22a,006de8ef-543e-4d99-9f93-7b17c5fc65b1,d7a2d7fc-b8a8-4209-bced-f6ddc07a4887,"retro",1,69b2ef58c1e66df4f0529986,2,2026-08-29T06:50:16.443074+00:00,14,13,13,0.9286,1,0.5045,0.9077,0.9094,0.4354,0.7848,0.538,0.8269,0.6923,0,0.0042,1,0.5556,
580e3596-3732-4a92-b83c-81bab95abdde,006de8ef-543e-4d99-9f93-7b17c5fc65b1,d7a2d7fc-b8a8-4209-bced-f6ddc07a4887,"retro",2,69b2ef58c1e66df4f0529986,2,2026-08-29T06:50:16.443074+00:00,14,14,14,1,1,1,0.8957,0.8973,0.5157,0.7893,0.6481,0.8187,0.5714,0,0.0022,1,1,
1cf785d1-99b9-40a9-8d5e-edb315913a71,006de8ef-543e-4d99-9f93-7b17c5fc65b1,d7a2d7fc-b8a8-4209-bced-f6ddc07a4887,"retro",3,69b2ef58c1e66df4f0529986,2,2026-08-29T06:50:16.443074+00:00,14,14,14,1,1,1,0.8957,0.8973,0.5157,0.7893,0.6481,0.8187,0.5714,0,0.0022,1,1,
4fe9be62-97c9-4cf1-a501-47acabe50bff,006de8ef-543e-4d99-9f93-7b17c5fc65b1,d7a2d7fc-b8a8-4209-bced-f6ddc07a4887,"retro",4,69b2ef58c1e66df4f0529986,2,2026-08-29T06:50:16.443074+00:00,14,14,14,1,1,1,0.8957,0.8973,0.5527,0.7893,0.6919,0.8187,0.5714,0,0.0019,1,1,
4331851c-d637-400f-8ac9-e903a562885c,006de8ef-543e-4d99-9f93-7b17c5fc65b1,d7a2d7fc-b8a8-4209-bced-f6ddc07a4887,"retro",5,69b2ef58c1e66df4f0529986,2,2026-08-29T06:50:16.443074+00:00,14,14,14,1,1,1,0.8985,0.9007,0.574,0.7893,0.7185,0.8187,0.5714,0,0.0019,1,1,
bd81f8bd-6f26-4f20-9606-b848af395aa2,8fff1640-59c4-479e-bbc4-d20901858c1e,d7a2d7fc-b8a8-4209-bced-f6ddc07a4887,"retro",1,697cb1beba432675cf301972,1,2026-08-29T07:22:41.838844+00:00,14,14,14,1,1,1,0.8923,0.8952,0.329,0.9773,0.3271,0.7967,0.5,0,0.0041,0.9,1,
4bb0280e-991c-43d5-a945-bd16c46595f5,8fff1640-59c4-479e-bbc4-d20901858c1e,d7a2d7fc-b8a8-4209-bced-f6ddc07a4887,"retro",2,697cb1beba432675cf301972,1,2026-08-29T07:22:41.838844+00:00,14,14,14,1,1,1,0.8923,0.8952,0.329,0.9773,0.3271,0.7967,0.5,0,0.0041,0.9,1,
c603c348-bd38-4706-b3f9-51c99a54ff7d,8fff1640-59c4-479e-bbc4-d20901858c1e,d7a2d7fc-b8a8-4209-bced-f6ddc07a4887,"retro",3,697cb1beba432675cf301972,1,2026-08-29T07:22:41.838844+00:00,14,14,14,1,1,1,0.8923,0.8952,0.329,0.9773,0.3271,0.7967,0.5,0,0.0041,0.9,1,
c892af8f-8f8c-4e06-94f8-5aac4367de05,8fff1640-59c4-479e-bbc4-d20901858c1e,d7a2d7fc-b8a8-4209-bced-f6ddc07a4887,"retro",4,697cb1beba432675cf301972,1,2026-08-29T07:22:41.838844+00:00,14,14,14,1,1,1,0.8972,0.8995,0.3252,0.9773,0.3227,0.7857,0.5,0,0.0041,0.9,1,
4c41cae1-b6a4-4108-ad18-7d6a9d7b2038,8fff1640-59c4-479e-bbc4-d20901858c1e,d7a2d7fc-b8a8-4209-bced-f6ddc07a4887,"retro",5,697cb1beba432675cf301972,1,2026-08-29T07:22:41.838844+00:00,14,14,14,1,1,1,0.8972,0.8995,0.3252,0.9773,0.3227,0.7857,0.5,0,0.0041,0.9,1,
78ddd09f-a8e0-44a1-9d7e-c5a087990ab9,8fff1640-59c4-479e-bbc4-d20901858c1e,d7a2d7fc-b8a8-4209-bced-f6ddc07a4887,"retro",6,697cb1beba432675cf301972,1,2026-08-29T07:22:41.838844+00:00,14,14,14,1,1,1,0.8923,0.8952,0.329,0.9773,0.3271,0.7967,0.5,0,0.0041,0.9,1,
cb5c1ae2-8e70-4cad-a421-0b7c4de73a00,dcdb3567-968f-422d-99e9-0c0e45cd76c6,c9517cc7-2d84-4b68-8493-75b61e23f9ea,"darkminimal",1,697cb1beba432675cf301972,2,2026-08-29T07:27:38.854162+00:00,14,14,14,1,1,1,0.7682,0.7754,0.6802,0.7648,0.5616,0.8297,0.3571,0,0,0.85,1,
c38bfa8d-66cc-4e2c-8548-3cd7ca7c3ff2,8e2815ad-d4ee-40ee-9769-c238307a61f5,58f6757d-6c99-4e7e-ba80-f16c93699661,"stickynotes",1,69ab322e670576193a37d4a7,1,2026-08-29T09:01:37.595582+00:00,18,5,5,0.2778,1,0.0394,0.8869,0.9033,0.523,0.7015,0.7455,1,1,0.0011,0.0108,0.4405,1,
320b79a1-4bf1-4059-9e6e-359c7f51eedc,8e2815ad-d4ee-40ee-9769-c238307a61f5,58f6757d-6c99-4e7e-ba80-f16c93699661,"stickynotes",2,69ab322e670576193a37d4a7,1,2026-08-29T09:01:37.595582+00:00,18,9,9,0.5,1,0.0891,0.863,0.8849,0.5371,0.6508,0.7219,0.9583,1,0.0011,0.0108,0.6071,0.7526,
deb07f2a-341b-4cee-90d4-b6108fad33fc,8e2815ad-d4ee-40ee-9769-c238307a61f5,58f6757d-6c99-4e7e-ba80-f16c93699661,"stickynotes",3,69ab322e670576193a37d4a7,1,2026-08-29T09:01:37.595582+00:00,18,15,15,0.8333,1,0.4002,0.7569,0.7787,0.3914,0.5658,0.6246,0.881,0.6,0.0011,0.0108,0.7708,0.7526,
036f554f-94ed-4bb5-b710-18d572c90327,8e2815ad-d4ee-40ee-9769-c238307a61f5,58f6757d-6c99-4e7e-ba80-f16c93699661,"stickynotes",4,69ab322e670576193a37d4a7,1,2026-08-29T09:01:37.595582+00:00,18,15,15,0.8333,1,0.4002,0.7865,0.8,0.6885,0.5658,0.5882,0.9095,0.6667,0.0011,0.0108,1,0.7526,
89518c13-ad8e-4f2f-ae05-2da3f958ba6a,8e2815ad-d4ee-40ee-9769-c238307a61f5,58f6757d-6c99-4e7e-ba80-f16c93699661,"stickynotes",5,69ab322e670576193a37d4a7,1,2026-08-29T09:01:37.595582+00:00,18,15,15,0.8333,1,0.4002,0.8004,0.8126,0.6885,0.5658,0.5882,0.9095,0.6667,0.0011,0.0108,1,0.7526,
4c2202cd-c193-43c2-93ff-be95e1199ad4,8e2815ad-d4ee-40ee-9769-c238307a61f5,58f6757d-6c99-4e7e-ba80-f16c93699661,"stickynotes",6,69ab322e670576193a37d4a7,1,2026-08-29T09:01:37.595582+00:00,18,15,15,0.8333,1,0.4002,0.814,0.8245,0.6885,0.5658,0.5882,0.9095,0.6667,0.0011,0.0108,1,0.7526,
fc5f75ab-587d-4607-8b50-10d622877142,8e2815ad-d4ee-40ee-9769-c238307a61f5,58f6757d-6c99-4e7e-ba80-f16c93699661,"stickynotes",7,69ab322e670576193a37d4a7,1,2026-08-29T09:01:37.595582+00:00,18,15,15,0.8333,1,0.4002,0.8471,0.8581,0.6885,0.6149,0.5989,0.9048,0.8,0.0011,0.0108,1,0.7526,
6e4c09fb-09a6-49de-808d-16e70ae6db43,8e2815ad-d4ee-40ee-9769-c238307a61f5,58f6757d-6c99-4e7e-ba80-f16c93699661,"stickynotes",8,69ab322e670576193a37d4a7,1,2026-08-29T09:01:37.595582+00:00,18,15,15,0.8333,1,0.4002,0.8733,0.8842,0.6885,0.7524,0.7317,0.9095,0.8667,0.0011,0.0108,0.9286,0.7526,
1e2b4ac6-7cf2-46b1-ad5e-e6416ace37ab,8e2815ad-d4ee-40ee-9769-c238307a61f5,58f6757d-6c99-4e7e-ba80-f16c93699661,"stickynotes",9,69ab322e670576193a37d4a7,1,2026-08-29T09:01:37.595582+00:00,18,15,15,0.8333,1,0.4002,0.8733,0.8842,0.6885,0.7524,0.7317,0.9095,0.8667,0.0011,0.0108,0.9286,0.7526,
dc4dc780-288d-4816-aaf6-f5d2828288db,8e2815ad-d4ee-40ee-9769-c238307a61f5,58f6757d-6c99-4e7e-ba80-f16c93699661,"stickynotes",10,69ab322e670576193a37d4a7,1,2026-08-29T09:01:37.595582+00:00,18,15,15,0.8333,1,0.4002,0.8739,0.8842,0.6972,0.7524,0.7379,0.9286,0.8667,0.0011,0.0108,0.8571,0.7526,
5a89bc1a-e33a-4f5e-9656-edcdef3988ef,1d86f581-198a-4704-bee4-335958b8bcec,c9517cc7-2d84-4b68-8493-75b61e23f9ea,"darkminimal",1,69ab322e670576193a37d4a7,2,2026-08-29T09:18:56.161448+00:00,14,14,14,1,1,1,0.6558,0.6689,0.5845,0.5403,0.6093,0.7473,0.2857,0,0,0.8,1,
04036322-05b2-4d62-98b2-3290c67cea30,1d86f581-198a-4704-bee4-335958b8bcec,c9517cc7-2d84-4b68-8493-75b61e23f9ea,"darkminimal",2,69ab322e670576193a37d4a7,2,2026-08-29T09:18:56.161448+00:00,14,14,14,1,1,1,0.6558,0.6689,0.5845,0.5403,0.6093,0.7473,0.2857,0,0,0.8,1,
4eb3ba74-f66c-4509-a3f9-fd5edba0e4ef,1d86f581-198a-4704-bee4-335958b8bcec,c9517cc7-2d84-4b68-8493-75b61e23f9ea,"darkminimal",3,69ab322e670576193a37d4a7,2,2026-08-29T09:18:56.161448+00:00,14,14,14,1,1,1,0.7099,0.7213,0.6234,0.5673,0.6471,0.8187,0.2143,0,0,0.75,1,
d297f9d9-8a2d-41e8-acdb-2cfc6fc79c8c,1d86f581-198a-4704-bee4-335958b8bcec,c9517cc7-2d84-4b68-8493-75b61e23f9ea,"darkminimal",4,69ab322e670576193a37d4a7,2,2026-08-29T09:18:56.161448+00:00,14,14,14,1,1,1,0.7176,0.7213,0.8338,0.5673,0.692,0.8352,0.2143,0,0,0.75,1,
ff0697f0-5924-455c-9f41-4c5736322400,1d86f581-198a-4704-bee4-335958b8bcec,c9517cc7-2d84-4b68-8493-75b61e23f9ea,"darkminimal",5,69ab322e670576193a37d4a7,2,2026-08-29T09:18:56.161448+00:00,14,14,14,1,1,1,0.7175,0.7213,0.7966,0.5673,0.7269,0.9231,0.2143,0,0,0.75,1,
69b29adc-f69c-4a54-882b-dd88c7183209,1d86f581-198a-4704-bee4-335958b8bcec,c9517cc7-2d84-4b68-8493-75b61e23f9ea,"darkminimal",6,69ab322e670576193a37d4a7,2,2026-08-29T09:18:56.161448+00:00,14,14,14,1,1,1,0.7185,0.7223,0.7966,0.5899,0.7523,0.9341,0.2143,0,0,0.75,1,
a674fe5f-d728-49ab-82a8-04ef6736622c,1d86f581-198a-4704-bee4-335958b8bcec,c9517cc7-2d84-4b68-8493-75b61e23f9ea,"darkminimal",7,69ab322e670576193a37d4a7,2,2026-08-29T09:18:56.161448+00:00,14,14,14,1,1,1,0.7454,0.7499,0.7966,0.6561,0.822,0.9615,0.2143,0,0,0.75,1,
ef964416-77f0-4d39-98c6-b710b5e0cf31,1d86f581-198a-4704-bee4-335958b8bcec,c9517cc7-2d84-4b68-8493-75b61e23f9ea,"darkminimal",8,69ab322e670576193a37d4a7,2,2026-08-29T09:18:56.161448+00:00,14,14,14,1,1,1,0.7821,0.7874,0.7966,0.6561,0.822,0.956,0.2857,0,0,0.8,1,
55cda03d-bc4b-41a8-aa58-bc8f2920fb6b,1d86f581-198a-4704-bee4-335958b8bcec,c9517cc7-2d84-4b68-8493-75b61e23f9ea,"darkminimal",9,69ab322e670576193a37d4a7,2,2026-08-29T09:18:56.161448+00:00,14,14,14,1,1,1,0.7711,0.7761,0.7966,0.6561,0.822,0.956,0.2857,0,0,0.85,1,
cfaa3165-eb74-45d7-bff1-c849558f78d0,1d86f581-198a-4704-bee4-335958b8bcec,c9517cc7-2d84-4b68-8493-75b61e23f9ea,"darkminimal",10,69ab322e670576193a37d4a7,2,2026-08-29T09:18:56.161448+00:00,14,14,14,1,1,1,0.7758,0.7809,0.7966,0.6561,0.822,0.9725,0.3571,0,0,0.85,1,