conversation_id,turn,is_last_turn,score_before,score_human_next,claude_action,claude_instruction,gemini_action,gemini_instruction,qwen_action,qwen_instruction,score_claude,score_gemini,score_qwen
1d86f581-198a-4704-bee4-335958b8bcec,1,False,0.840420448090521,0.840420448090521,continue,"Now fix the sizes inside columnB (keep all labels). Give every box a fixed height of about 85px, except box-9 which must be about 380px tall. Widths measured against the full page width: box-9 about 28% wide (left-aligned in its row), box-10 about 51% wide, box-11 about 34% wide, box-12 about 24% wide, box-13 about 36% wide, box-14 about 27% wide. Add a vertical gap of about 60px between the box-9 row and the box-10 row, and about 45px between the other rows. Center the label text horizontally and vertically inside each of these boxes.",continue,"Adjust the sizes of the boxes in columnB. box-9 should be much taller, occupying a large rectangular area next to boxes 1 through 4. box-10 should span about two-thirds of the width of columnB. box-11 and box-13 should be medium-sized rectangles aligned to the left of columnB, while box-12 and box-14 should be similar rectangles aligned to the right, leaving a significant horizontal gap between them.",continue,Increase the size of box-9 and box-10 to match their dimensions in the target layout.,0.9149915140507883,0.876881653697265,0.8754196476861379
1d86f581-198a-4704-bee4-335958b8bcec,2,False,0.840420448090521,0.8666949422806376,continue,"Now fix the sizes and vertical rhythm. Page content should start about 100px from the top. In columnA: each of box-1 to box-8 should be about 70px tall with a ~20px vertical gap between them, and their widths should vary slightly (box-1 about 120px, box-2 about 155px, box-3 about 155px, box-4 about 120px, box-5 about 120px, box-6 about 155px, box-7 about 120px, box-8 about 137px), all left-aligned at the same left edge. In columnB, boxes must NOT stretch to full width; instead give each row's boxes explicit widths measured against the total page width (1080px reference): row 1 box-9 = 300px wide and 380px tall, left-aligned; then a ~60px gap; row 2 box-10 = 555px wide and 82px tall, left-aligned; then a ~75px gap; row 3 box-11 = 365px wide and 83px tall while box-12 = 220px wide and 100px tall (row keeps space-between so box-12 sits at the far right edge); then a ~80px gap; row 4 box-13 = 395px wide and 92px tall while box-14 = 280px wide and 100px tall, again space-between.",continue,"Adjust the layout of Column B: box-9 should be much taller and only occupy about half the width of Column B. box-10 should span across the full width of Column B below box-9. For the rows containing box-11/box-12 and box-13/box-14, ensure the boxes are wider (about 40% width each) and have more vertical spacing between the rows.",continue,Adjust the width of box-9 and box-10 to span the full width of columnB.,0.9810653778076451,0.8705048232125336,0.840420448090521
1d86f581-198a-4704-bee4-335958b8bcec,3,False,0.8666949422806376,0.8821764827052576,continue,"Fix the widths and heights of the boxes in columnB. Inside columnB: box-10 should be 70% of columnB's width and about 80px tall. In the third row, box-11 should be 46% of columnB's width and box-12 about 28% (both about 100px tall). In the fourth row, box-13 should be 50% of columnB's width and box-14 about 36% (both about 100px tall). Keep box-9 at 30% width but make it about 380px tall. Add about a 60px vertical gap between each row of columnB.",continue,"Adjust the layout of column B: box-10 should take about 70% of the width. In the third row, box-11 and box-12 should be larger, with box-11 taking about 45% width and box-12 about 25% width. In the fourth row, box-13 and box-14 should also be larger, with box-13 taking about 50% width and box-14 about 35% width. All these boxes should be roughly the same height as box-10.",continue,Adjust box-10 to be wider and centered within its row.,0.915662578476613,0.8730216372351228,0.8684374838900099
1d86f581-198a-4704-bee4-335958b8bcec,4,False,0.8821764827052576,0.9115177743642627,continue,"All boxes are far too short and too tightly packed vertically. Make every box much taller and spread the rows out: give the whole layout about 100px of top padding. In columnA, each of box-1 through box-8 should be about 75px tall with a 15px vertical gap between them. In columnB, box-9 should be about 380px tall, box-10 about 80px tall, box-11 and box-12 about 100px tall, and box-13 and box-14 about 100px tall, with roughly 60px of vertical space between each columnB row so that the bottom of box-13/box-14 lines up near the bottom of the content area.",continue,"Increase the height of box-1 through box-8 to match the height of box-10. Also, increase the height of box-11, box-12, box-13, and box-14 to be about double their current height.",continue,Adjust the vertical spacing between box-9 and box-10 to match the spacing seen in the TARGET layout.,0.9222636493188475,0.9124955778145606,0.8821764827052576
1d86f581-198a-4704-bee4-335958b8bcec,5,False,0.9115177743642627,0.9206454372211241,continue,"Increase all vertical dimensions: give every box in columnA a height of about 70px with a 20px vertical gap between them, and give box-10, box-11, box-12, box-13 and box-14 a height of about 80px each with a 60px vertical gap between the rows of columnB. Keep box-9 at 30% width but make it about 380px tall. Also add roughly 100px of empty space at the top of the whole page before both columns start.",continue,"Increase the height of box-10, box-11, box-12, box-13, and box-14 so they are all twice as tall as they currently are, and ensure box-9 remains four times the height of box-10. Also, add more vertical spacing between all the rows in columnB to match the target layout's distribution.",continue,adjust the vertical spacing between box-10 and box-11 to be consistent with the spacing between other rows.,0.9471543786621691,0.946892302585295,0.9115177743642627
1d86f581-198a-4704-bee4-335958b8bcec,6,False,0.9206454372211241,0.9450478906484441,continue,"The whole layout is too compressed vertically. Add about 100px of top margin to the page content, then set heights: each box in columnA (box-1 through box-8) should be about 70px tall with roughly 12px vertical gap between them; box-9 about 380px tall; box-10 about 85px tall; box-11 and box-12 about 95px tall; box-13 and box-14 about 100px tall. Use about 65px of vertical gap between the four rows of columnB.",continue,"Increase the height of box-10, box-11, and box-12 by 50% so they match the height of box-13 and box-14.",continue,adjust the vertical spacing between box-10 and box-11 to match the spacing seen in the TARGET layout.,0.9412488225435554,0.9341583204116677,0.9231813777767601
1d86f581-198a-4704-bee4-335958b8bcec,7,False,0.9450478906484441,0.9437799203706261,continue,"Add about 100px of top padding to the whole page so the layout starts lower. Then in columnA, make every box (box-1 through box-8) about 65px tall with about 25px of vertical gap between consecutive boxes, so the stack of 8 boxes spans from the top of box-9 down to roughly the bottom of box-11.",stop,,stop,,0.9137309285524734,,
1d86f581-198a-4704-bee4-335958b8bcec,8,False,0.9437799203706261,0.9437799203706261,continue,"Add about 100px of top padding to the whole page so both columns start lower. In columnA, make every box from box-1 to box-8 about 65px tall with a 22px vertical gap between them, so the column of boxes stretches from the top down to roughly the same level as the bottom of box-13.",stop,,stop,,0.9200707799415633,,
1d86f581-198a-4704-bee4-335958b8bcec,9,False,0.9437799203706261,0.94758383120408,continue,"Scale the whole layout vertically: add about 100px of top padding to the page. Make every box in columnA (box-1 to box-8) about 65px tall with about 25px vertical gap between them, so columnA ends around y=870. In columnB set box-9 to about 380px tall, box-10 about 85px tall, box-11 about 90px tall, box-12 about 105px tall, box-13 and box-14 about 100px tall, keeping the row gaps so the last row also ends around y=970.",stop,,stop,,0.9344303922123364,,
1d86f581-198a-4704-bee4-335958b8bcec,10,True,0.94758383120408,,continue,"Add about 100px of top margin to the whole layout (both columns start lower). Also make every box from box-1 to box-8 taller: each should be about 65px tall, with roughly a 12px vertical gap between consecutive ones (keeping the slightly larger gap between box-4 and box-5), so the box-1..box-8 stack ends up much taller and reaches near the bottom of box-13/box-14.",stop,,stop,,0.9200707799415633,,
dcdb3567-968f-422d-99e9-0c0e45cd76c6,1,True,0.8468687338459875,,continue,"Use absolute positioning on a ~1080x1080 page and resize/reposition the right-hand boxes exactly as follows (keep their labels centered inside): box-9 at left 250px, top 110px, width 300px, height 380px; box-10 at left 250px, top 553px, width 555px, height 82px; box-11 at left 250px, top 707px, width 363px, height 88px; box-12 at left 820px, top 700px, width 220px, height 105px; box-13 at left 250px, top 871px, width 395px, height 96px; box-14 at left 760px, top 871px, width 280px, height 105px. The right side must NOT stretch to full page width.",continue,"Adjust the layout of the right column: box-9 should be much taller and narrower, box-10 should be shorter in height, and the pairs of boxes below (box-11/box-12 and box-13/box-14) should have more horizontal space between them, especially on the right side of box-11 and box-13.",continue,Adjust the width of box-9 to be smaller and centered vertically above box-10.,0.8742105524285704,0.8586902192893472,0.8497296230554046
