conversation_id,turn,chars_prompt,chars_html
1d86f581-198a-4704-bee4-335958b8bcec,6,43,1984
1d86f581-198a-4704-bee4-335958b8bcec,7,65,1997
0f360a73-8457-41ab-9ec8-243dd9799ede,1,186,924
fe18ffa2-0d0c-444e-b8dd-618b2fdcb60f,1,152,3272
fe18ffa2-0d0c-444e-b8dd-618b2fdcb60f,2,80,5118
478cfa75-9ec2-4848-b698-fcec360bf088,1,170,2703
478cfa75-9ec2-4848-b698-fcec360bf088,2,123,4085
478cfa75-9ec2-4848-b698-fcec360bf088,3,167,4066
0f360a73-8457-41ab-9ec8-243dd9799ede,2,79,695
0f360a73-8457-41ab-9ec8-243dd9799ede,3,88,825
0f360a73-8457-41ab-9ec8-243dd9799ede,4,801,4002
0f360a73-8457-41ab-9ec8-243dd9799ede,5,105,3800
0f360a73-8457-41ab-9ec8-243dd9799ede,6,32,3803
349d1c8c-f2d8-4b20-8c0b-92edb2c85e46,1,163,843
2ec832d6-8941-40ab-ae0d-0872f537c694,1,644,2269
2ec832d6-8941-40ab-ae0d-0872f537c694,2,111,2235
2ec832d6-8941-40ab-ae0d-0872f537c694,3,196,3203
73147b0a-789a-42e7-a036-a81b12788448,1,426,1322
2ec832d6-8941-40ab-ae0d-0872f537c694,4,180,3303
73147b0a-789a-42e7-a036-a81b12788448,2,282,1958
73147b0a-789a-42e7-a036-a81b12788448,3,166,1972
73147b0a-789a-42e7-a036-a81b12788448,4,216,2292
73147b0a-789a-42e7-a036-a81b12788448,5,183,2485
73147b0a-789a-42e7-a036-a81b12788448,6,47,2485
73147b0a-789a-42e7-a036-a81b12788448,7,20,2507
73147b0a-789a-42e7-a036-a81b12788448,8,245,2883
73147b0a-789a-42e7-a036-a81b12788448,9,402,3352
73147b0a-789a-42e7-a036-a81b12788448,10,29,3370
349d1c8c-f2d8-4b20-8c0b-92edb2c85e46,2,350,1225
349d1c8c-f2d8-4b20-8c0b-92edb2c85e46,3,315,1754
349d1c8c-f2d8-4b20-8c0b-92edb2c85e46,4,197,1817
349d1c8c-f2d8-4b20-8c0b-92edb2c85e46,5,58,1818
349d1c8c-f2d8-4b20-8c0b-92edb2c85e46,6,146,2065
349d1c8c-f2d8-4b20-8c0b-92edb2c85e46,7,144,2312
349d1c8c-f2d8-4b20-8c0b-92edb2c85e46,8,46,2312
349d1c8c-f2d8-4b20-8c0b-92edb2c85e46,9,105,2568
349d1c8c-f2d8-4b20-8c0b-92edb2c85e46,10,47,2591
349d1c8c-f2d8-4b20-8c0b-92edb2c85e46,11,193,3116
349d1c8c-f2d8-4b20-8c0b-92edb2c85e46,12,144,3415
349d1c8c-f2d8-4b20-8c0b-92edb2c85e46,13,16,3116
349d1c8c-f2d8-4b20-8c0b-92edb2c85e46,14,95,3329
349d1c8c-f2d8-4b20-8c0b-92edb2c85e46,15,43,3329
349d1c8c-f2d8-4b20-8c0b-92edb2c85e46,16,45,3329
349d1c8c-f2d8-4b20-8c0b-92edb2c85e46,17,40,3243
9b70bcc9-8a89-4340-b6cd-375b46b9e921,1,378,2026
9b70bcc9-8a89-4340-b6cd-375b46b9e921,2,83,2227
9b70bcc9-8a89-4340-b6cd-375b46b9e921,3,53,2346
197cbc77-f961-4a07-b9bb-18f169246340,1,275,1275
197cbc77-f961-4a07-b9bb-18f169246340,2,431,1953
197cbc77-f961-4a07-b9bb-18f169246340,3,100,1982
197cbc77-f961-4a07-b9bb-18f169246340,4,59,1984
197cbc77-f961-4a07-b9bb-18f169246340,5,14,1984
c8f99ba8-2f68-4387-bfff-ab83ae815308,1,32,1306
c8f99ba8-2f68-4387-bfff-ab83ae815308,2,37,2705
c8f99ba8-2f68-4387-bfff-ab83ae815308,3,73,3446
c8f99ba8-2f68-4387-bfff-ab83ae815308,4,34,3720
c8f99ba8-2f68-4387-bfff-ab83ae815308,5,101,4554
c8f99ba8-2f68-4387-bfff-ab83ae815308,6,71,5565
c8f99ba8-2f68-4387-bfff-ab83ae815308,7,52,6172
bc3735b4-9ebf-43a3-967a-bde1d6f0be88,1,45,4654
bc3735b4-9ebf-43a3-967a-bde1d6f0be88,2,49,6054
bc3735b4-9ebf-43a3-967a-bde1d6f0be88,3,47,8224
bc3735b4-9ebf-43a3-967a-bde1d6f0be88,4,82,10732
56779a53-9e47-4f75-a7a3-19c25617191f,1,2162,3226
56779a53-9e47-4f75-a7a3-19c25617191f,2,259,3287
006de8ef-543e-4d99-9f93-7b17c5fc65b1,1,980,1919
006de8ef-543e-4d99-9f93-7b17c5fc65b1,2,213,2023
8fff1640-59c4-479e-bbc4-d20901858c1e,4,442,1702
006de8ef-543e-4d99-9f93-7b17c5fc65b1,3,137,2086
006de8ef-543e-4d99-9f93-7b17c5fc65b1,4,42,2087
006de8ef-543e-4d99-9f93-7b17c5fc65b1,5,34,2088
8fff1640-59c4-479e-bbc4-d20901858c1e,1,433,1494
8fff1640-59c4-479e-bbc4-d20901858c1e,2,419,1494
8fff1640-59c4-479e-bbc4-d20901858c1e,3,448,1494
8fff1640-59c4-479e-bbc4-d20901858c1e,5,402,1702
8fff1640-59c4-479e-bbc4-d20901858c1e,6,463,1494
dcdb3567-968f-422d-99e9-0c0e45cd76c6,1,340,1752
8e2815ad-d4ee-40ee-9769-c238307a61f5,1,132,931
8e2815ad-d4ee-40ee-9769-c238307a61f5,2,285,1525
8e2815ad-d4ee-40ee-9769-c238307a61f5,3,225,2133
8e2815ad-d4ee-40ee-9769-c238307a61f5,4,117,2136
8e2815ad-d4ee-40ee-9769-c238307a61f5,5,142,2182
1d86f581-198a-4704-bee4-335958b8bcec,5,58,1958
8e2815ad-d4ee-40ee-9769-c238307a61f5,6,41,2182
8e2815ad-d4ee-40ee-9769-c238307a61f5,7,90,2266
8e2815ad-d4ee-40ee-9769-c238307a61f5,8,192,2475
8e2815ad-d4ee-40ee-9769-c238307a61f5,9,70,2528
8e2815ad-d4ee-40ee-9769-c238307a61f5,10,59,2630
1d86f581-198a-4704-bee4-335958b8bcec,1,458,1684
1d86f581-198a-4704-bee4-335958b8bcec,2,55,1781
1d86f581-198a-4704-bee4-335958b8bcec,3,67,1807
1d86f581-198a-4704-bee4-335958b8bcec,4,151,1882
1d86f581-198a-4704-bee4-335958b8bcec,8,77,1997
1d86f581-198a-4704-bee4-335958b8bcec,9,38,1997
1d86f581-198a-4704-bee4-335958b8bcec,10,40,2017