rater,id,condition,is_creation_human,is_creation_haiku,is_creation_match,is_removal_human,is_removal_haiku,is_removal_match,is_adjustment_human,is_adjustment_haiku,is_adjustment_match,exact_set_match
user,P0293,claude_capped,0,0,1,0,0,1,1,1,1,1
user,P0285,claude_capped,1,1,1,0,0,1,0,0,1,1
user,P0309,claude_capped,0,0,1,0,0,1,1,1,1,1
user,P0319,claude_no_thinking,0,0,1,0,0,1,1,1,1,1
user,P0329,claude_no_thinking,1,1,1,0,0,1,0,0,1,1
user,P0318,claude_no_thinking,0,0,1,0,0,1,1,1,1,1
user,P0175,claude_uncapped,0,0,1,0,0,1,1,1,1,1
user,P0128,claude_uncapped,0,0,1,0,0,1,1,1,1,1
user,P0076,claude_uncapped,0,0,1,0,0,1,1,1,1,1
user,P0179,gemini,0,0,1,0,0,1,1,1,1,1
user,P0269,gemini,0,0,1,0,0,1,1,1,1,1
user,P0083,gemini,1,1,1,0,0,1,0,0,1,1
user,P0029,human,0,0,1,1,0,0,0,1,0,0
user,P0058,human,0,0,1,0,0,1,1,1,1,1
user,P0036,human,0,0,1,0,0,1,1,1,1,1
user,P0208,qwen,1,1,1,0,0,1,0,0,1,1
user,P0182,qwen,1,1,1,0,0,1,0,0,1,1
user,P0138,qwen,1,1,1,0,0,1,0,0,1,1
supervisor,P0294,claude_capped,0,0,1,0,0,1,1,1,1,1
supervisor,P0320,claude_capped,1,1,1,0,0,1,0,0,1,1
supervisor,P0313,claude_capped,0,0,1,0,0,1,1,1,1,1
supervisor,P0328,claude_no_thinking,1,1,1,0,0,1,0,0,1,1
supervisor,P0326,claude_no_thinking,1,1,1,0,0,1,0,0,1,1
supervisor,P0330,claude_no_thinking,1,1,1,0,0,1,0,0,1,1
supervisor,P0075,claude_uncapped,1,1,1,0,0,1,0,0,1,1
supervisor,P0077,claude_uncapped,1,0,0,0,0,1,0,1,0,0
supervisor,P0082,claude_uncapped,0,0,1,0,0,1,1,1,1,1
supervisor,P0272,gemini,0,0,1,0,0,1,1,1,1,1
supervisor,P0177,gemini,0,0,1,0,0,1,1,1,1,1
supervisor,P0242,gemini,0,0,1,0,0,1,1,1,1,1
supervisor,P0001,human,0,0,1,1,0,0,0,1,0,0
supervisor,P0021,human,1,1,1,0,0,1,0,1,0,0
supervisor,P0055,human,1,1,1,0,0,1,0,1,0,0
supervisor,P0157,qwen,1,1,1,0,0,1,0,0,1,1
supervisor,P0207,qwen,1,1,1,0,0,1,0,0,1,1
supervisor,P0120,qwen,0,0,1,0,0,1,1,1,1,1
