generation_id,reference_id,reference_name,tier,n_ref,n_gen,k,f1_recall,f2_precision,f3_area_recall,f4_pos_euclid,f5_pos_chebyshev,f6_rel_width,f7_rel_height,f8_aspect,f9_order_consistency,f10_quadrant_agreement,f11_alignment_delta,f12_overlap_delta,f13_group_count,f14_section_uniformity,f15_clip_masked
186fc06b-c574-4e89-81a3-381523976432,c61427b9-dc32-418f-bb16-4d4ea009349d,"midcentury",real,17,2,2,0.1176,1,0.3172,0.9774,0.9774,0.9833,0.7992,0.7859,1,1,0,0.0025,0.1875,0.9143,
fe79ec6c-8646-43cb-bfcb-a91a6bf5afa0,3d208f14-067a-419e-ab6a-5d0badf2ba12,"steel",gold_broken,18,0,0,0,0,0,0,0,0,0,0,1,0,0.0002,0.0152,0,1,
a1f7c97c-c8c0-41a3-866f-5bdf26b34060,c61427b9-dc32-418f-bb16-4d4ea009349d,"midcentury",real,17,8,8,0.4706,1,0.3738,0.9677,0.9685,0.9553,0.658,0.6559,0.9643,0.875,0,0.0038,0.5625,0.6143,
1c8de671-74f0-4d8f-b66d-bc1330361cfc,c61427b9-dc32-418f-bb16-4d4ea009349d,"midcentury",real,17,13,13,0.7647,1,0.7105,0.976,0.9776,0.9469,0.6942,0.7108,0.9872,1,0,0.0002,0.625,0.8286,
5054bf78-6e74-4fcb-8bb2-f1fd492e448e,c61427b9-dc32-418f-bb16-4d4ea009349d,"midcentury",real,17,17,17,1,1,1,0.7803,0.7956,0.6717,0.6496,0.4602,0.8934,0.4706,0,0.0013,0.8819,1,
22f5cca3-0fbd-4e82-8ad8-d7dee4cae6a2,c61427b9-dc32-418f-bb16-4d4ea009349d,"midcentury",gold_broken,17,0,0,0,0,0,0,0,0,0,0,1,0,0,0.0025,0,1,
90d0f719-cdca-4fd5-8062-9589e56b49ab,3d208f14-067a-419e-ab6a-5d0badf2ba12,"steel",real,18,7,7,0.3889,1,0.1765,0.9568,0.9613,0.945,0.911,0.9306,0.9524,0.8571,0.0002,0.0152,0.8,0.9379,
ab11fcf5-aa12-440f-a35d-1eaa3819942c,3d208f14-067a-419e-ab6a-5d0badf2ba12,"steel",real,18,11,11,0.6111,1,0.3294,0.9741,0.9764,0.9354,0.8354,0.8216,0.9818,1,0.0002,0.0152,0.8125,0.9379,
da0fb0ab-9953-4fe6-9612-d6b74c6057b5,3d208f14-067a-419e-ab6a-5d0badf2ba12,"steel",real,18,11,11,0.6111,1,0.2774,0.775,0.7803,0.5831,0.7365,0.4823,0.7364,0.7273,0.0002,0.0152,0.6571,0.9379,
4ec65713-c307-4711-8b9e-ed4ddbfb1f85,c61427b9-dc32-418f-bb16-4d4ea009349d,"midcentury",real,17,17,17,1,1,1,0.7571,0.7719,0.7006,0.6567,0.4983,0.8676,0.3529,0,0.0019,0.9375,1,
b27390be-fc00-4a47-ae1d-d1fb612e88c0,3d208f14-067a-419e-ab6a-5d0badf2ba12,"steel",real,18,0,0,0,0,0,0,0,0,0,0,1,0,0.0002,0.0152,0,1,
8c6fbc55-fe56-488b-beb5-3d4601567f3d,3d208f14-067a-419e-ab6a-5d0badf2ba12,"steel",real,18,10,10,0.5556,1,0.2434,0.7398,0.7412,0.57,0.8646,0.5455,0.6111,0.5,0.0002,0.0152,0.7167,1,
63457528-beb7-4e65-881e-d64af3de70fb,58f6757d-6c99-4e7e-ba80-f16c93699661,"stickynotes",real,18,5,5,0.2778,1,0.0394,0.8869,0.9033,0.523,0.7015,0.7455,1,1,0.0011,0.0108,0.4405,1,
3fbfeb3a-eb29-49fe-a3ff-130cdf8f2755,58f6757d-6c99-4e7e-ba80-f16c93699661,"stickynotes",real,18,15,15,0.8333,1,0.4002,0.8769,0.8815,0.4484,0.5883,0.3559,0.9048,0.7333,0.0011,0.0108,0.7857,0.7526,
0102fdec-31f4-4b1b-95fc-f94bad46b0dd,d7a2d7fc-b8a8-4209-bced-f6ddc07a4887,"retro",real,14,14,14,1,1,1,0.8923,0.8952,0.329,0.9773,0.3271,0.7967,0.5,0,0.0041,0.9,1,
4d078bfd-aa33-4d1d-ae28-8031ae9fb660,58f6757d-6c99-4e7e-ba80-f16c93699661,"stickynotes",real,18,15,15,0.8333,1,0.4002,0.814,0.8245,0.6885,0.5658,0.5882,0.9095,0.6667,0.0011,0.0108,1,0.7526,
ff8874d4-c2e4-4de4-82b5-4de2d424d24c,58f6757d-6c99-4e7e-ba80-f16c93699661,"stickynotes",real,18,15,15,0.8333,1,0.4002,0.8914,0.897,0.7519,0.7579,0.8021,0.9476,0.8,0.0011,0.0108,0.8452,0.7526,
064c9ade-7927-48fd-adfe-da9612c93fb2,d7a2d7fc-b8a8-4209-bced-f6ddc07a4887,"retro",real,14,14,14,1,1,1,0.8972,0.8995,0.3252,0.9773,0.3227,0.7857,0.5,0,0.0041,0.9,1,
a1fe6696-bd99-4df4-b84e-651da4740344,d7a2d7fc-b8a8-4209-bced-f6ddc07a4887,"retro",real,14,14,14,1,1,1,0.8985,0.9007,0.574,0.7893,0.7185,0.8187,0.5714,0,0.0019,1,1,
0e1cfb71-8713-49e4-beaf-a80448453cc3,c9517cc7-2d84-4b68-8493-75b61e23f9ea,"darkminimal",real,14,14,14,1,1,1,0.7176,0.7213,0.8338,0.5673,0.692,0.8352,0.2143,0,0,0.75,1,
b247a7f9-a366-4add-9aa1-0a791aab02e9,58f6757d-6c99-4e7e-ba80-f16c93699661,"stickynotes",real,18,15,15,0.8333,1,0.4002,0.8739,0.8842,0.6972,0.7524,0.7379,0.9286,0.8667,0.0011,0.0108,0.8571,0.7526,
c24cde72-4104-48fb-bb83-e957919b061c,58f6757d-6c99-4e7e-ba80-f16c93699661,"stickynotes",gold_broken,18,0,0,0,0,0,0,0,0,0,0,1,0,0.0011,0.0108,0,1,
12517374-67af-4411-b199-c8477894bebe,d7a2d7fc-b8a8-4209-bced-f6ddc07a4887,"retro",real,14,14,14,1,1,1,0.8923,0.8952,0.329,0.9773,0.3271,0.7967,0.5,0,0.0041,0.9,1,
993adc7d-5ff2-4d7b-9966-72935023de4b,d7a2d7fc-b8a8-4209-bced-f6ddc07a4887,"retro",gold_broken,14,0,0,0,0,0,0,0,0,0,0,1,0,0,0.0042,0,1,
770427d9-c38c-44ae-9832-f5d57f83384f,c9517cc7-2d84-4b68-8493-75b61e23f9ea,"darkminimal",real,14,14,14,1,1,1,0.7454,0.7499,0.7966,0.6561,0.822,0.9615,0.2143,0,0,0.75,1,
b54395bc-87bd-4275-9b53-81f2299c8371,c9517cc7-2d84-4b68-8493-75b61e23f9ea,"darkminimal",gold_broken,14,0,0,0,0,0,0,0,0,0,0,1,0,0,0,0,1,
13857f86-818f-4b0a-8576-c919692850b9,d7a2d7fc-b8a8-4209-bced-f6ddc07a4887,"retro",real,14,13,13,0.9286,1,0.5045,0.9077,0.9094,0.4354,0.7848,0.538,0.8269,0.6923,0,0.0042,1,0.5556,
b1204c78-7dcf-436f-b0df-dbb97ff49934,c9517cc7-2d84-4b68-8493-75b61e23f9ea,"darkminimal",real,14,14,14,1,1,1,0.6558,0.6689,0.5845,0.5403,0.6093,0.7473,0.2857,0,0,0.8,1,
34984376-bc70-491d-8576-75e5a2e8d961,c9517cc7-2d84-4b68-8493-75b61e23f9ea,"darkminimal",real,14,14,14,1,1,1,0.7758,0.7809,0.7966,0.6561,0.822,0.9725,0.3571,0,0,0.85,1,
f70e07d0-fd78-49da-9ab5-b6dcc69c9404,c9517cc7-2d84-4b68-8493-75b61e23f9ea,"darkminimal",real,14,14,14,1,1,1,0.7682,0.7754,0.6802,0.7648,0.5616,0.8297,0.3571,0,0,0.85,1,